{
  "ItemJsonClass": [
    {
      "id": 0,
      "ClassName": "BlessBloodSword",
      "ItemName": "血刃",
      "ItemQuality": "Rare",
      "ItemDescribe": "生命下降，普通攻击吸血。",
      "ItemType": "BlessAttack",
      "Data": [ 5, 1 ]
    },
    {
      "id": 1,
      "ClassName": "BlessDarkSword",
      "ItemName": "恶魔契约：危险攻击",
      "ItemQuality": "Rare",
      "ItemDescribe": "普攻伤害上升，低血量时消失。",
      "ItemType": "BlessAttack",
      "Data": [ 50, 25 ]
    },
    {
      "id": 2,
      "ClassName": "BlessFlameSword",
      "ItemName": "烈焰之刃",
      "ItemQuality": "Normal",
      "ItemDescribe": "火焰攻击",
      "ItemType": "BlessAttack",
      "Data": [ 1, 3 ]
    },
    {
      "id": 3,
      "ClassName": "BlessHolySword",
      "ItemName": "神圣之刃",
      "ItemQuality": "Normal",
      "ItemDescribe": "神圣攻击！",
      "ItemType": "BlessAttack",
      "Data": [ 50 ]
    },
    {
      "id": 4,
      "ClassName": "BlessLuckSword",
      "ItemName": "幸运之刃",
      "ItemQuality": "Normal",
      "ItemDescribe": "普通攻击额外概率暴击",
      "ItemType": "BlessAttack",
      "Data": [ 50 ]
    },
    {
      "id": 5,
      "ClassName": "BlessSpaceSword",
      "ItemName": "空间之刃",
      "ItemQuality": "Normal",
      "ItemDescribe": "攻击范围提升",
      "ItemType": "BlessAttack",
      "Data": [ 30 ]
    },
    {
      "id": 6,
      "ClassName": "BlessTimeSword",
      "ItemName": "时间加速",
      "ItemQuality": "Rare",
      "ItemDescribe": "攻击间隔缩短",
      "ItemType": "BlessAttack",
      "Data": [ 0.1 ]
    },
    {
      "id": 7,
      "ClassName": "BlessVoidSword",
      "ItemName": "虚空之刃",
      "ItemQuality": "Epic",
      "ItemDescribe": "腐蚀……",
      "ItemType": "BlessAttack",
      "Data": []
    },
    {
      "id": 8,
      "ClassName": "PassiveBiggerSword",
      "ItemName": "巨大化",
      "ItemQuality": "Legend",
      "ItemDescribe": "巨大化攻击",
      "ItemType": "Passive",
      "Data": [ 100, 200, 70 ]
    },
    {
      "id": 9,
      "ClassName": "PassiveSheng",
      "ItemName": "生",
      "ItemQuality": "Normal",
      "ItemDescribe": "全属性提升！",
      "ItemType": "Passive",
      "Data": [
        15,
        60,
        10,
        5,
        10
      ]
    },
    {
      "id": 10,
      "ClassName": "PassiveDan",
      "ItemName": "旦",
      "ItemQuality": "Normal",
      "ItemDescribe": "失去生命最大值直到剩下1点，同时提高全属性",
      "ItemType": "Passive",
      "Data": [ 15, 10, 5, 10 ]
    },
    {
      "id": 11,
      "ClassName": "PassiveJing",
      "ItemName": "净",
      "ItemQuality": "Normal",
      "ItemDescribe": "获得一层护盾，可以抵御一次伤害。",
      "ItemType": "Passive",
      "Data": [ 120 ]
    },
    {
      "id": 12,
      "ClassName": "PassiveMo",
      "ItemName": "末",
      "ItemQuality": "Normal",
      "ItemDescribe": "降低怪物对你的搜查范围",
      "ItemType": "Passive",
      "Data": []
    },
    {
      "id": 13,
      "ClassName": "PassiveChou",
      "ItemName": "丑",
      "ItemQuality": "Normal",
      "ItemDescribe": "躲闪",
      "ItemType": "Passive",
      "Data": [ 10 ]
    },
    {
      "id": 14,
      "ClassName": "PassiveYin",
      "ItemName": "阴",
      "ItemQuality": "Epic",
      "ItemDescribe": "不可阻挡的攻势",
      "ItemType": "Passive",
      "Data": []
    },
    {
      "id": 15,
      "ClassName": "PassiveYang",
      "ItemName": "阳",
      "ItemQuality": "Epic",
      "ItemDescribe": "精神恢复，如果拥有阴时，召唤神龙对随机一条直线造成极高的魔法伤害。",
      "ItemType": "Active",
      "Data": [ 120, 50, 500 ]
    },
    {
      "id": 16,
      "ClassName": "PassiveUndeadTotem",
      "ItemName": "不死图腾",
      "ItemQuality": "Legend",
      "ItemDescribe": "当受到致命伤害时，恢复生命值至一定百分比",
      "ItemType": "Passive",
      "Data": [ 50 ]
    }
  ]
}